Fecha,1507,1319,0901,1320,2902,1506,1508
2000-01-01,2.3330643855313578,5.210036277134876,4.663973755500856,0.48725194135492883,2.0358384793106876,2.9845976659315148,0.7299720407449498
2000-02-01,5.2894251254892355,8.594621630053902,7.936575308655787,7.101566398127462,9.417796649628494,6.4372595983821945,6.6556711533522135
2000-03-01,8.92221410403799,16.04023956945718,10.31820804407525,8.924412270744645,8.738829868815829,4.853077456867465,10.683516565466057
2000-04-01,14.396512937215535,24.86110935209331,16.25397889718741,14.998848839276862,16.57510357347738,18.687024493117384,17.18805805585567
2000-05-01,90.52534400813214,74.6047243798312,128.13617962097126,69.96387575685999,100.3880128466516,110.97976527168721,57.960435171053255
2000-06-01,141.07437978961397,106.80751450421262,215.30987073742648,99.55786933595704,145.27485436631576,181.7655752946802,93.07966068257731
2000-07-01,105.84942315120726,108.28201153002621,151.75554470096495,83.71987803954991,89.40675372818504,105.8804728757881,66.51705136492718
2000-08-01,104.37450118945313,126.82237734581345,211.74539775089949,90.89569987496746,129.34061579379204,165.6996472008356,77.12618096597068
2000-09-01,62.19211123827039,58.75999217026675,137.81708460525942,43.742864222217804,69.39245039174348,106.434041215786,66.4645281156256
2000-10-01,37.91573703527567,54.11327478960137,62.21002867907145,42.66465908592626,46.141142374622355,56.912606975283154,30.291128319958563
2000-11-01,11.89542423384395,25.250065682895947,15.773668676923895,15.641155303142522,21.24018484673964,11.310109505076824,13.451805689397581
2000-12-01,5.681777061830497,12.548711439727452,6.3510435616275105,7.239271461167506,8.516281920465369,6.470412183099943,5.93322166155769
2001-01-01,6.888765507631308,6.292030983519642,8.642007286680077,2.7129223357590835,5.235277889331265,8.259723552155247,4.610891024971765
2001-02-01,5.679014142939367,16.236988321517757,10.441336746529368,9.83762562018081,9.599056837918704,6.502421918215205,10.013951168914932
2001-03-01,7.327924565557732,12.637572455651384,10.450825964639966,8.13729943428319,8.245291979817086,11.052856401553598,8.161389647440641
2001-04-01,45.42490753057772,35.152785276341895,45.82447175270873,27.1412514074054,38.455596450037255,45.152983238740795,25.750734868463677
2001-05-01,90.3527444973695,49.03452319394284,93.27016624534046,56.36173154217884,88.45248383937154,86.9144969586267,48.88966142095691
2001-06-01,115.29322107964559,131.34936058377855,207.0886278814694,126.84489397509923,177.62510037098565,151.305506311669,98.94576719066426
2001-07-01,134.69725782449603,142.295959071882,200.8214600633298,116.17327114929448,140.6455499636741,171.74147160334152,113.94617222235159
2001-08-01,110.19719772809451,136.58959801788987,196.3188578694273,87.35573281176961,98.61885844460608,139.50015250053622,78.34092755050044
2001-09-01,117.65900897962626,183.18886315543867,212.1026737686705,111.62738366756949,135.47707021077272,139.11630120627953,78.12619139623258
2001-10-01,34.78438175801385,92.13091873808025,43.87909226737837,59.13159124865784,54.16509652125104,41.918445363947264,39.37571177867144
2001-11-01,10.131684740669446,10.924924792784935,15.720266454652696,8.695025095433436,15.544081646370786,8.890395572243419,4.311946423020592
2001-12-01,8.619263098729649,10.425851409128429,8.856387022248914,8.422277524909996,12.614833899961395,11.323825492453771,6.767581940457317
2002-01-01,7.260556155774904,7.83874765235977,11.44868475839691,4.26403015977841,6.269273437561685,8.779327861867257,4.478000494112588
2002-02-01,4.722955337379819,5.6857062544371155,10.366346547693471,5.696092078278133,7.617330407018282,6.240770974367711,5.605419622661901
2002-03-01,8.143137353061599,10.775117197970802,10.885424145364931,7.6186478657738235,8.42334888079363,6.916950173260299,7.315804640058728
2002-04-01,37.99014045143079,21.230425047645447,35.482742714942944,19.25409997733718,24.407697304333336,35.75259730108565,33.94327571446065
2002-05-01,31.033191114441465,42.26182302725908,31.32163098850408,34.21821758260619,44.64681622131451,34.59867502330739,17.658840561454895
2002-06-01,64.88826030194687,97.9395056531676,139.12729348967684,76.852596598141,106.13791423722067,126.16638697916267,58.53680971144552
2002-07-01,118.99426606421483,177.13479576524205,216.22197665634945,116.05052750621826,122.84326583160697,148.836213561078,103.31493371412807
2002-08-01,99.73305163908911,110.07623184601646,144.23063959280873,87.91178018954128,101.41097458853292,119.16245695397568,83.28090071960072
2002-09-01,140.64422639297896,136.94085975053923,241.52370728269418,124.42548453230054,195.25422159064533,182.25585670769053,153.71825092640918
2002-10-01,69.65764139374971,92.78444719724006,103.17573429688166,76.9915563145252,81.12099101951195,98.68825386475442,65.0953542699758
2002-11-01,22.19216329988324,19.797552400397738,42.65838436008613,17.930838092827948,34.578780952125456,34.703602469098826,19.761041374342533
2002-12-01,3.3050070569475722,4.843761021955358,5.2976738067555775,3.7664711684416954,5.230663092780403,4.49382598334608,3.707131510110423
2003-01-01,3.035289926290689,6.355522311565381,6.703258188219628,3.4646459322078216,3.8215280706700154,3.3151144603047866,2.944159727564874
2003-02-01,0.6085998576221977,1.9000421570415373,3.0052951711416593,1.0804947837476375,3.8208635590239295,3.1825365916031245,0.5327080329163347
2003-03-01,9.471396918052676,7.748550794167858,13.62679143064906,6.83666564361343,8.706403367973364,11.334548158855796,7.359133876473959
2003-04-01,28.87039984591432,35.41675534305719,27.06601001656814,27.803578357692885,36.16788464269912,24.351535142401623,21.834433347881568
2003-05-01,40.177289882919275,40.67194487656586,45.97574536575921,46.544845758238424,66.4370593298535,55.428974894717356,34.6877597585132
2003-06-01,166.382421358909,218.8690787416501,273.29936971706155,164.9912345128202,198.86807528561135,232.83288467102014,135.0264448617658
2003-07-01,108.24265379691636,99.2046452271692,192.6473867436656,79.31306370171919,94.65946370457455,129.11031009461627,95.58396718660076
2003-08-01,131.22985587318792,100.98976909175143,200.162246644384,93.68017646898186,123.72826738717238,168.35580123627616,117.36755887512801
2003-09-01,116.34448413893104,169.70286015088126,232.69852677231523,109.15961224369953,140.54746822713437,162.84430434856975,140.3394039815253
2003-10-01,51.910354579995825,99.39292617948486,76.8117764661902,81.32996681473237,82.23569916269862,66.4362115780018,55.59351191240542
2003-11-01,10.644393367924193,13.410126547479395,18.679143591979997,9.151835570985495,17.877995276034273,10.474433067038317,9.09972381492307
2003-12-01,3.9730193452952425,4.735375391213313,5.236767881795988,4.2481498670493085,5.748078358827247,5.323080940763229,4.702748753617955
2004-01-01,12.496248447620832,15.407511150026176,27.42327812518296,9.058725198471365,10.795872640777533,18.065990146124193,8.47378346284921
2004-02-01,1.6238229795107295,5.988605483636324,3.9316667229268996,4.140174749572832,5.5490438761021545,3.607439948859036,0.753986246509007
2004-03-01,15.032837199289077,28.531862845253837,22.548577622735362,15.523756330596127,16.66606249762088,17.886009590791232,13.699751205262727
2004-04-01,43.75695020982215,72.91510713371073,32.67774991814222,48.508607265213286,50.700587540155766,44.07997877107945,43.892070092165916
2004-05-01,78.3629262102467,109.97004150476857,97.91006978576094,81.59595303051857,92.75698527606346,90.4254731383521,63.461365892260666
2004-06-01,149.3276398184451,171.6782874318507,233.5566987239461,120.43857751865752,133.27586024521528,187.16780695897236,118.24263369696841
2004-07-01,104.65765322938344,162.67041350744555,187.23457424026608,87.00628846488733,98.71690461683929,154.73787718848484,91.4908784831059
2004-08-01,115.39597963711836,111.91372793152433,203.8793082910146,73.69895799559436,90.58984609404091,157.3537235958719,82.500234704692
2004-09-01,136.00572516208766,91.78078562704215,235.09876310006274,80.47439027991915,145.08107771465558,187.81927594005924,90.8359083977218
2004-10-01,48.29243971876303,62.81055114724258,80.79286564379346,49.42052758737095,67.39895419509007,63.65622858244988,50.59442902405648
2004-11-01,11.261775214495765,10.39370330921533,12.70691764834865,7.9973130746548025,16.75134823950603,12.202423666237957,9.98140946303626
2004-12-01,2.8110880074128337,7.258157582880743,4.790890340848213,4.281529357492154,4.08970224505755,2.685399507567193,3.487233930797287
2005-01-01,2.4346411723887718,5.982040853438835,8.39004767443236,2.3832984896519602,4.033880368658318,3.332968431797325,1.4683312294439845
2005-02-01,5.103584174117088,9.652415562823355,7.504330229129553,8.07261025154959,10.477250678164197,4.897452351815867,5.993183923793373
2005-03-01,6.730785521362907,14.233621318009288,8.021427338540585,6.767147609793174,6.669099994158999,10.961953016964392,8.598345260058911
2005-04-01,19.62894568698346,26.350152049643388,19.56583416285328,19.822055758414354,29.55126920690191,22.564175463338252,15.508184157774462
2005-05-01,31.443790147548086,37.60281670549232,29.13823963960454,33.6759276003832,39.45269547770995,35.24112556615897,31.701255880945258
2005-06-01,52.65803922042967,43.07538150142626,90.61936634165433,39.37599984435784,58.306746258706596,89.28077328510642,31.432612209952133
2005-07-01,115.30383844858585,93.4676899911708,160.1179579109772,81.77736619918977,122.38808723431696,147.56473818184037,82.99150531431086
2005-08-01,110.49523648687911,142.3430540260616,162.4028147273625,99.46761220000559,124.37844737673545,150.8896442652818,90.99956880615551
2005-09-01,55.17508929787723,70.2528749133239,101.67784872275676,47.51035283360526,79.98919574097928,77.48353566498885,43.06549329146688
2005-10-01,53.66935200879927,125.52993456845694,72.0158341565822,90.72903722637618,101.72580279895384,59.67238774833745,68.33035800490013
2005-11-01,13.840592495380225,11.51733712404258,13.919335468664547,8.953031741910086,17.515889269402845,12.512170318271679,10.36101945638098
2005-12-01,4.55930178234284,8.417581784889425,6.5158282714986715,5.65818173731557,7.128919821682635,5.356479849735905,5.49761893916936
2006-01-01,6.854087008609946,15.951868150743584,8.70501627828993,9.631430482935652,10.932046265044251,6.502096012569457,6.500867849882336
2006-02-01,2.7128939959647895,6.1807249985715496,4.667138280689924,4.389521260526765,4.099004748106893,2.5044790604813363,2.4637528867243574
2006-03-01,11.088971436665021,37.75361295531201,9.377036175171723,20.218450527255765,17.986140038728024,8.56858716857338,23.184098474913313
2006-04-01,27.674642109620297,36.22992094405999,25.520530906763113,26.622374934070262,35.31518250210073,31.60913716359249,30.733724358037282
2006-05-01,85.32339294256914,91.36136951231525,86.82862001939095,80.12716725530808,109.85072099234955,110.41746293810671,79.77403005985467
2006-06-01,77.90935357121761,61.94507994313606,108.93865244431309,56.68983625513408,76.00199650082777,137.1757176363409,60.26741566921305
2006-07-01,112.4595046282935,133.49826404213778,175.8797520399732,99.23746779043545,134.71421315749512,185.76402045144982,88.459100349684
2006-08-01,139.99214793781877,132.12414069152356,218.19868178662915,113.79153609548023,156.4289033295808,189.3238237992883,136.26418525105618
2006-09-01,102.18218471266212,120.27590606660674,177.05370097346895,96.43289128188913,144.26207649404157,164.42837021361177,105.31659851707678
2006-10-01,61.43565972289203,59.243065948813395,92.99730630245365,52.08304790453576,68.68468524175451,97.51427746401245,56.78842433434398
2006-11-01,33.47837251502041,51.50687937408273,43.408584746022925,33.960421010686936,61.43150624353336,32.99120068320015,24.994890408394077
2006-12-01,1.3948126257807496,5.756735684638735,5.541414329935081,0.5493474669499548,2.887176758063236,4.259780217167597,0.56670318989584
2007-01-01,8.141043064044663,14.567666330334744,9.1569904217149,7.549930200475479,8.398546876637274,8.617367668218996,10.309222377111347
2007-02-01,9.500333890179549,16.743354692449394,13.71715639404491,12.870455159211092,17.46250397614484,9.755999677393238,14.7877817739824
2007-03-01,18.484014115391346,29.7960964267349,14.612554395266255,17.833571093999268,16.947199634777746,12.37775540632571,23.084215906144074
2007-04-01,39.74605294553884,66.96864307116984,28.383599858063075,43.28090753563335,43.48625565179798,32.48688757421788,50.98874255596245
2007-05-01,55.34454218643655,55.32167387983669,59.83349774096353,47.674201981755346,68.38084420357197,66.70835778676386,41.31592298706877
2007-06-01,109.69534338741293,108.82516750822569,136.52501936102396,90.711201688637,103.41630317035123,117.19393659965132,101.04782088597845
2007-07-01,119.64794686327112,145.24539543431098,199.11277778848435,104.59792975035957,125.64929645408272,147.52771973699197,104.98917648596387
2007-08-01,134.85663027860076,170.54852294414133,185.55547301938063,126.51506779552062,159.57884939706483,170.4935078937259,119.13677286626904
2007-09-01,114.57653161983457,119.26433858570054,191.51205306322626,97.52153869727506,145.09575729575056,140.74918638599934,93.01407183772614
2007-10-01,36.39315709772894,64.04381224037408,55.492501377251514,46.972319098863096,46.41796904277287,41.61256693624367,38.58690516358545
2007-11-01,8.231509484219837,23.52510632160067,12.236664186457896,12.92422145164554,16.486702518184,7.967603849567526,11.134536622076853
2007-12-01,2.2889382193296703,6.796209968048927,5.00826211497689,0.8078955038329934,3.124621229425313,5.972789097088147,4.397308104197656
2008-01-01,2.5906350759654355,8.560834479387484,5.481603419320021,1.4048415033352641,2.4195072931403816,3.3811706111169837,1.9112212107036464
2008-02-01,3.828115498273644,7.995015175171154,4.490679804669562,7.504328450375939,8.880289043646673,2.547543431708939,7.050365572298588
2008-03-01,3.794147396866059,6.435813423108442,4.977344558078975,4.328011745359284,5.178727363272297,3.5581292869870316,5.447359576165722
2008-04-01,27.812637369726495,38.45558253821502,34.486181599861126,24.68263057227231,31.764597768724443,31.58784736690234,25.886527408702662
2008-05-01,47.507648990215,40.30910683683295,46.97856379660429,38.04569592399765,58.532371967869445,54.03640972538822,31.374809078625116
2008-06-01,116.70441029475754,119.75471407527243,157.72639503574405,96.29998156192147,138.90935163747488,134.6130103484801,99.67918513197212
2008-07-01,125.24754370901812,165.24664914550178,180.65220686055224,133.38249463562119,173.60297231649744,158.6568117112617,128.64240176727267
2008-08-01,112.36126096325582,101.74768735301404,178.35758661004527,73.70632209300979,99.2940238183792,122.94204473581608,95.49519460140658
2008-09-01,74.49584001700771,124.34614372429215,133.43215764444585,77.31270884929943,110.56560567286544,115.75866175994832,74.27643440414529
2008-10-01,25.27995364418898,53.47834969057285,40.39134116490528,26.548785315959925,26.99169576075504,26.729880786749295,24.746640281738753
2008-11-01,2.6686057233940157,9.9452468573995,6.3186006943664,2.4918025768587193,8.235280764780116,4.35022354950169,1.8813480138982908
2008-12-01,0.7644660506601119,1.4397772747954236,3.3978235609016174,0.08090246686300327,2.2473604784447043,2.4820521292071867,0.14477293379079018
2009-01-01,9.597080427061766,12.30901778447497,12.441557457520446,7.104714322482153,9.672675808268549,10.398732238207018,3.5756650643578882
2009-02-01,5.538844368015809,11.761621666157572,10.356966794060313,7.912206177206274,10.096932669325268,7.781824716406804,8.5893441974739
2009-03-01,9.39910625117621,7.923748566646445,10.042458313180008,6.439417388000617,7.681818482517488,7.955187179106547,8.38281741353346
2009-04-01,10.564881868289302,16.064492072318405,13.267834753274052,9.963181756904081,11.09690507041045,12.002866572232174,9.635361006474993
2009-05-01,37.71207712450271,58.466985869861034,46.682467739360405,47.37848841242474,60.978295678480606,47.904091841079236,33.34851295584753
2009-06-01,73.1650086394991,66.86600256699464,92.12858912012155,64.80468475911896,97.94389804144153,83.93288352460303,56.80422224192364
2009-07-01,97.61142672069174,78.43574175529778,131.02283933366982,66.2714963959246,99.31575415480407,111.39920835418428,69.14154699314676
2009-08-01,96.92160334216169,77.88529449895037,137.84009257067956,67.36999770014386,101.9721518782159,113.21711782652952,54.08896724611538
2009-09-01,158.64665137468336,185.31458471799158,216.43033204502044,137.37706552489297,212.6555622985947,168.1740631727261,135.14277798187305
2009-10-01,55.56328720021536,103.51850489229811,71.31044198182254,96.68881609654122,98.3999576457071,60.75034022556931,71.64498896232969
2009-11-01,3.7275808305425437,10.069524983539953,7.252508755732,6.990546194496475,12.208134401419208,5.281017364806584,2.5617381530940353
2009-12-01,6.050508921487833,7.73804992162963,7.791361648602459,6.647900472485281,9.153210193714482,7.491771137714541,5.445229773473157
2010-01-01,16.46147369707454,23.32715333339672,21.27777284084667,17.604088445107696,21.8342763957435,16.056213958412265,14.814968455301877
2010-02-01,15.797504371350838,21.752090735157676,30.241603643736035,20.436315949276917,31.478771618895696,16.058742694945707,17.984824933438205
2010-03-01,4.586656651318795,7.65342605370167,5.5858820206035835,4.939010229100556,5.114156651542165,4.21834097832894,5.187704718370927
2010-04-01,15.478213730926939,47.29394387684173,15.471067541880632,32.79691891590006,34.94866937773456,13.106265687851979,26.842912274637843
2010-05-01,24.55316547026529,23.619729822933632,29.344556910608475,22.25058096146829,27.855334223072475,24.19788958245899,21.60319012142045
2010-06-01,57.547761990426636,55.20156960464464,102.98096927136,53.359474010032905,76.82014280460076,82.15202748481889,41.89224228492314
2010-07-01,186.60268106559644,216.85684820753738,218.74674520710334,187.4103767455056,257.510983705221,198.99242244151154,167.90787286351477
2010-08-01,105.04191425682853,123.15050890759836,168.12230550655767,98.80874989591864,150.51155740797716,156.9652688251167,81.61343041502954
2010-09-01,61.36991419903628,112.95269137895613,131.78507731967858,77.90025065746973,121.34893010431422,115.92172353108431,51.013901595559375
2010-10-01,10.704878745502453,31.177327765344682,14.151379035805906,21.266207771141424,20.647817570364264,13.191994338482695,12.013149824170448
2010-11-01,4.9411914444842475,5.6808817643157905,8.883673335980152,5.153872122057609,11.377817771937242,7.554243188598544,2.9732126683654476
2010-12-01,0.9351102481406129,0.38444409699355336,2.8355705090675922,0.01989666059292874,2.3541792431856763,2.7420658411424927,0.13207566562678563
2011-01-01,2.756094491579082,3.8593575217634335,7.869920320169555,0.7561748797483167,2.0103920629681964,2.603734218296107,2.304896070079419
2011-02-01,1.0060485592432138,2.2934284788497927,3.3756265498652946,1.1333202487403933,1.5097276257155543,1.089889494248199,0.4341467100414395
2011-03-01,7.123595227757035,9.316458249301444,6.293615864665301,6.173573897632838,6.934556878193031,3.43373690513025,6.800828675091182
2011-04-01,27.300122495668226,39.752543849534256,32.11288889314382,24.959813081134655,25.484962733838746,30.507083185899617,34.82346056170996
2011-05-01,38.83628810442765,29.439533856978674,46.024613690518244,31.619254304641306,54.182111820172196,45.94046347688023,19.28676691966263
2011-06-01,84.0102003931026,105.0313981145525,116.76319205306777,82.46338838376,92.82211028544097,99.10082459288826,99.78808208440002
2011-07-01,192.1178646184299,185.29914191399072,271.15931207944436,149.67485196616806,211.6215604487887,233.9255781647475,154.70518908865148
2011-08-01,88.8394491910639,137.08703007499827,155.88608301531622,89.519066272915,134.07066781349178,133.67996301976405,57.35522007670281
2011-09-01,49.39043227254004,72.67584765712678,104.9730789336909,50.51688976864704,76.29676208338014,56.06303994736833,38.46240599231705
2011-10-01,51.08384291450487,43.46718935387274,62.33001520132668,61.04822283667045,76.59982039436626,46.081693006497304,35.24364591223398
2011-11-01,17.254957263993944,14.755885087600603,23.98027158282124,12.707515748398489,25.317914116511094,19.07990497019381,13.155261702042496
2011-12-01,3.0118161750700745,6.931476347150588,4.406797203194608,0.5895826571725613,4.272503613796419,3.415509565915001,1.1310289637900157
2012-01-01,6.337517890716704,12.052496150380321,8.931829188018103,6.418968405247098,7.645694245894193,3.7717111785569513,6.331945229074689
2012-02-01,18.04697650942566,27.52393187780992,26.50803347770384,24.39138264840734,31.974802451798443,19.33973146267271,26.92885507010946
2012-03-01,18.60239954222525,22.639060566387027,17.643400827715535,16.21422117945404,19.08419893196173,12.284478337467132,16.033611805538154
2012-04-01,15.233757427435776,24.057724985810797,20.185257491651985,15.48493331383391,20.997509182668065,15.371449498489753,16.967003131132287
2012-05-01,32.340952191410636,28.600569690593503,27.88257145153604,27.163313847737,37.80069083126872,35.3697685717801,29.9695426659626
2012-06-01,90.00033379275109,98.66029470822993,123.11654112324116,88.69772704325321,124.36407506130982,118.5907589203948,73.7734581033775
2012-07-01,122.82511707895502,144.18511284701142,184.5558786140802,114.37688915089724,151.95717314682227,144.65015935547027,109.55246087882665
2012-08-01,107.58354193216618,192.43208252626067,137.18762994741357,125.676097719743,156.95347373542697,133.0579237491191,107.08353362844804
2012-09-01,59.46006806035343,87.05534479753857,109.1339215474182,58.500328641772,94.21919413513287,81.73798608879237,50.71550502731749
2012-10-01,18.14675794989351,25.717857082357128,29.832786049862978,23.248127973545238,33.619227799185076,34.70517645373449,15.938094595088266
2012-11-01,9.046300065490888,20.050198742660278,14.915621146214173,10.439581942753907,16.024523740073644,12.807133008760815,8.585270577023152
2012-12-01,1.075655295092252,3.964740533387844,3.476299191919695,0.6450336634119477,2.4600909882495228,2.563690796782103,1.4251923958522652
2013-01-01,6.195350307183428,14.252293577356829,8.648248242055553,7.476291321899473,6.935739051920803,5.895876486459095,6.356490796295706
2013-02-01,0.6780370205574451,3.4857245402157075,3.0191028003751397,1.3238441123032507,5.223573431624835,0.8965575146550632,0.41685664945543804
2013-03-01,1.7885214840425228,6.89652190057385,3.5952212575498064,2.5869328228666983,1.8691640443451105,4.038713899085371,3.468214425356503
2013-04-01,23.095237690379875,22.79129486617402,20.43853798388072,19.26730526629454,24.642769925725368,17.17222823414945,20.97024484584843
2013-05-01,58.55775772513299,46.43350318699071,60.06450521668246,48.55935946545547,79.01473227924508,64.55414459578297,42.15527432288814
2013-06-01,99.88733855940873,120.04132827363185,133.74021717610012,83.48234759080256,103.63976663631715,117.00940479764884,76.81172191196819
2013-07-01,111.10684443486666,120.28730352482135,156.65056113711222,109.06541943434854,166.89428738183898,123.2550154946522,96.1865079953545
2013-08-01,94.7880543611116,121.73779754650467,151.1933741137034,84.74631062264874,108.19268936521078,149.12360885811933,82.3541975141665
2013-09-01,159.0315970308734,254.72519190332022,240.52997657425428,155.43701525757203,232.2840255564273,170.65992121124506,127.84234282475856
2013-10-01,61.20013533523111,106.97794819882084,81.2180400535987,85.78660468097677,100.45963527484685,71.71653063755453,63.21276926148686
2013-11-01,20.711969800980828,61.99517133956023,40.90550271729324,37.29189324027146,54.34745153622778,33.0342146557867,21.53563899845049
2013-12-01,2.1644993783163895,12.17520258094032,6.357819934911529,6.028582513408188,8.140079460603221,4.87657790861858,3.8247056412758456
2014-01-01,3.45417704039684,10.026793807545467,4.518155684752524,4.156175142632021,5.898236597086377,2.9581652686523245,2.779554597508845
2014-02-01,0.7414938275158891,2.7185861666033455,3.7916321190616125,0.1960380724589191,1.6454471441471976,2.2648497556202924,0.680450518099345
2014-03-01,7.228562844927403,17.013322355710905,6.382992912872845,9.004849500831885,8.647278712680466,2.7747441444759353,9.677435051847118
2014-04-01,32.07379571206495,31.12814044768494,29.405378797721145,21.78983355176963,28.732319138862163,29.540810804608604,25.330777831954794
2014-05-01,83.26181807188951,94.15987444523064,82.38989264626164,80.66779796923406,120.64212795052448,91.65360864332087,59.28305589857068
2014-06-01,140.54427715106195,181.31732062323314,151.10309614173448,159.66709803045737,199.5821882255155,132.7810684976831,121.24147626672186
2014-07-01,105.25030258451979,139.3069580936913,138.618349724992,98.60573310738921,126.79378679817707,124.03814843726707,85.15965520957357
2014-08-01,97.48494093592083,119.57565298614324,133.4364425037669,90.88531531493423,118.25923941055895,106.70594522037935,80.51752575183414
2014-09-01,108.09005211063048,146.07347717010583,148.29757750384297,106.81368976090258,151.61210456684447,133.84417592079103,90.64989756590009
2014-10-01,72.91922323904855,111.49595140950507,91.3743986534105,90.0295918271402,97.067537434839,70.13524361148863,69.21734742142873
2014-11-01,11.542281717461526,27.89418125067,13.044817274259787,13.452118717915923,19.128489473994957,11.855514387078035,12.580830995584042
2014-12-01,9.756747587240772,13.224348116819685,14.801136729278966,9.642755253933537,13.203078824108893,13.51336030093266,10.15553344485667
2015-01-01,6.535578954759399,16.968483957920935,8.140577195209337,7.519109406252955,8.994373250500699,7.230950673001059,6.587154234817888
2015-02-01,4.362166353275865,4.961713706219915,7.223422244713812,4.166779774561621,7.045985595454704,5.025200821293483,3.9283153601375917
2015-03-01,10.424753056028354,43.55806890603953,11.783865663296178,21.896429040101832,21.139638366062922,14.81591232113054,22.096497733212136
2015-04-01,29.735857900144914,58.433975856635186,18.468071141973006,34.950761529981065,37.83441017578016,21.21018725032293,35.17776735107184
2015-05-01,133.64498687461548,80.78337634684239,129.63072674626252,100.44618324347991,157.4924089510747,118.20862799660969,87.17375565525084
2015-06-01,97.2770866176706,110.34367390171427,111.4869025037449,101.7800784809961,131.74586949360832,106.98858452002945,88.43443089715912
2015-07-01,100.28543859169739,88.20163820898355,139.8195432664043,76.42219792187569,105.12119560479273,103.6962283641562,93.30566126772062
2015-08-01,77.60390064808331,80.43900901501908,115.1169135584269,59.96491501317983,78.58647367184916,116.18183236374985,59.831807498097
2015-09-01,95.8083937790852,114.36536751018294,153.50157871261098,84.4016228443702,117.09052486194084,90.83702349565334,78.22046070541846
2015-10-01,28.654016639748146,75.82491855747637,37.44901486800679,50.3458681097772,51.66694635492072,54.29889454091982,34.148189626986564
2015-11-01,11.793847182668022,34.301395189268256,16.847290155706308,15.231936759021258,22.45273467412788,17.532820400289502,12.307735851595227
2015-12-01,12.250941834312954,15.152556452763191,10.47999028487294,12.339567288708981,14.675499987663486,8.70489890186291,13.490888020640341
2016-01-01,14.557902953484227,17.043142876066895,16.00884426605367,11.374359350066237,13.626402931781556,15.950843016782523,10.785917713355923
2016-02-01,0.3571341346167055,0.0002091200249704228,2.249785279716551,0.03323910239694864,1.093957984533375,0.2892186553615795,0.6763119452464521
2016-03-01,22.352245051009273,30.5774648036297,34.050076183461094,22.39929116241783,32.27227866175367,41.212170233685384,16.391636301304214
2016-04-01,40.669158417167786,54.34630334922039,40.38021831371754,37.63534076156059,43.15138151489448,45.56196001062363,41.00728672078117
2016-05-01,106.98553942646863,58.85264336954117,81.58858062343143,59.65792810642798,84.23764800721752,78.21599674488895,74.71798568827047
2016-06-01,149.07814775687933,152.1870249198343,182.56915546958552,115.20880869083646,148.11724141943438,159.27486942259776,112.27714956439199
2016-07-01,154.87443600636206,149.7407272343401,232.64611504071524,126.13076670492683,152.81442079580418,186.96669167603966,150.5783396384391
2016-08-01,123.40281743599937,172.61580380484818,186.03799921228392,118.03069752283395,152.53277469253968,154.89898371154553,100.46392094956262
2016-09-01,89.62970183209384,163.24826296215284,118.0246087536465,104.31076065266558,134.11173020274532,103.86669207290059,98.28528039493551
2016-10-01,24.003396580934584,48.25984779372992,25.210748099900247,36.55360480040905,41.94364015323477,35.17280984568629,20.0224127210161
2016-11-01,45.22928654518335,77.69313041076889,64.94319043386359,47.738738748138864,62.24536562944757,50.25874116069694,40.26674002612356
2016-12-01,1.3017353029732297,7.615879354357105,4.454043013413627,1.4473103429127423,5.252644825752758,2.1332311314025665,1.3201602326529875
2017-01-01,0.473663943019681,0.013326895367663178,0.8502318519694959,0.0,1.0187975226757424,0.6093046589184883,0.0
2017-02-01,1.027042393185495,1.6455280728514563,1.221934745050929,0.22029552231792152,1.9564300604634437,0.2070521200813456,0.7244063666844636
2017-03-01,16.917600570449196,26.72976387213282,17.363727656268576,15.607057638234142,16.193144405879618,13.36259665729099,21.35118402919521
2017-04-01,19.581035640975074,28.706603908071557,21.455775275944834,21.77078134180131,26.329000370759342,20.427479901830292,26.595901978359613
2017-05-01,75.31470433424937,88.89813585654136,77.61168098047628,78.00245664682254,116.64545359069092,78.01652618255021,50.200038424251844
2017-06-01,97.38864729630893,102.99679921132997,146.4849956751962,73.52187861203994,97.4106546544112,117.46852928286879,82.01842718351199
2017-07-01,146.24855773802182,165.54928550856573,166.6015608822462,129.35008918401195,179.04292420302062,181.38449599783505,101.8885664164473
2017-08-01,131.64927525523277,133.3941669490481,171.8999932002759,109.40080519950715,151.72400566358064,195.80586510029104,91.49370327815718
2017-09-01,124.25084843320651,173.58995764172477,183.5618163083609,127.58403260631121,194.1849080403143,157.25438122958803,93.28556304018227
2017-10-01,34.415219176113396,99.96510193879267,48.63724566523941,57.589491018955044,57.486406759756825,63.432540003892015,35.02749684365041
2017-11-01,9.718600994391279,13.585710709479216,10.132219129476736,9.234985969256478,13.465961574755692,9.884798816205734,8.191569482556366
2017-12-01,0.5270409479726224,0.0,1.4618307512831403,0.0,1.4744133277891036,1.471355832593751,0.018093047637195894
2018-01-01,10.411167210347871,12.144209432268834,12.91551090834119,6.915596468166803,7.920318666912348,7.55340297586329,7.203029260577291
2018-02-01,7.409119978944781,14.791224526028355,10.338829514339903,15.690965196821256,20.09309185308323,5.13718204314372,14.776780033284567
2018-03-01,10.55196203915695,13.309332738517615,12.260081258843343,7.518107401911059,7.539436834824519,8.455221411180624,12.130396286357968
2018-04-01,62.344871414713204,44.07316107864207,48.88324750977106,40.648274941316096,67.22281986216635,70.41202080327112,48.96322939644856
2018-05-01,72.80317924368832,28.608334763362116,80.19514456272606,33.17882437068166,60.65130519191757,82.99016025908546,33.36942900843221
2018-06-01,146.9916359951553,186.5696126629613,180.71889834517282,149.1033212281399,181.91312758911783,135.60914880971518,159.1085573591696
2018-07-01,70.30848168012325,48.66057685098836,104.82458351981188,45.9423485860056,55.0730578638299,77.9696257742959,51.35505810358988
2018-08-01,230.62831343427732,245.6263598472566,287.95017986808995,198.42157707455777,231.21808044489475,266.9000786918274,175.24636793246958
2018-09-01,133.64922812722145,141.34076417754292,185.2898529437145,113.92037078395866,153.66826938561385,125.80990146234586,121.8216725413736
2018-10-01,99.45280295675589,126.61109182554036,116.22426427277148,104.03950072867983,109.1928924975805,114.2894157301385,90.50851285883007
2018-11-01,39.26594723600755,68.71667508783125,63.109409815216765,44.05371165579624,68.6431639915417,53.16303401296023,47.56749893895387
2018-12-01,3.5383415694457225,5.091827270048846,6.635399285633366,2.8355965915126204,5.1613367436898585,5.064796612436813,3.2628359432233474
2019-01-01,7.812294856457614,7.4337703871706164,7.665836485402048,4.849790023524877,5.791886459733695,5.556939217209023,5.953235617140095
2019-02-01,2.145076778729363,6.470228575371718,5.470240144106909,5.463702630248327,7.324709790649076,2.556055316089163,1.6324134854210086
2019-03-01,7.1239090395768345,8.997039472407947,7.391747542732856,6.005102821840325,6.049591791286535,7.048764135347882,7.263306516280532
2019-04-01,14.252125238652264,18.24565899460859,10.828912101844535,12.132803621930542,14.579886438529364,11.223496961139384,15.2426136882375
2019-05-01,33.94533311533449,27.034350443738756,32.53170634036988,26.55075275534027,46.678071753676264,40.13679856859093,20.342150802187334
2019-06-01,160.11102462484774,164.36072486470434,158.72160821272672,144.50855151299484,183.04864462383486,155.641403712593,139.4438029242517
2019-07-01,162.2206602119556,125.59356877516271,230.03009162949516,109.27304717147335,162.06488580454825,190.31454473851466,122.53630163365592
2019-08-01,146.5212816564335,127.14813300026628,220.57439514153722,97.16263338671342,126.34258483464721,212.84249701229362,107.91643999768715
2019-09-01,92.92429746857322,79.11140616800361,124.7029779655486,65.63739984099333,107.67827444973649,128.70897525558993,60.05861795738554
2019-10-01,84.85355202712961,100.44266079176961,130.61426794492468,68.94307399125151,75.68863428057834,133.26695558714502,66.22051375104358
2019-11-01,27.226634253919382,22.453135832295533,36.983505376910756,18.366493502278967,48.64781761381675,43.856005803538395,11.605966687505509
2019-12-01,2.78003821803472,4.577667024794381,4.096554862441695,2.7688451589799206,4.351513227184328,4.51766735093401,2.4403123503922592
2020-01-01,9.207577322359697,22.322469623229704,11.341699778017828,13.597739146678075,13.451418510293955,7.330148343449091,7.972411539524432
2020-02-01,5.910410182471032,7.692687601972944,6.148287811004055,5.9126722123476245,7.209733562162047,7.30618582321092,4.542992996657809
2020-03-01,13.148256772531015,10.45940215120702,12.739173350034319,9.159959478723895,11.544457894436828,9.571222985059409,12.209998510115074
2020-04-01,30.898806292900723,42.561550479260475,22.55055291125881,35.62662987416139,48.83002179089332,21.253524169041356,39.26217446877695
2020-05-01,48.2590124101839,44.91696689397161,42.63458066776015,45.219133416241085,62.514752795131635,47.87870061947189,44.91328172560452
2020-06-01,74.3326617862381,62.98378467122354,90.1428711497337,51.90069982533305,74.77469165732136,91.2976446849335,43.067055299952905
2020-07-01,144.85859782385137,155.34575563932322,177.50843029102361,136.41934550787374,190.34016550852374,146.04135512820716,117.12555033219486
2020-08-01,122.48179718229171,120.66851225798652,195.00042202415756,95.59329627831313,118.14843592771979,152.5136703344327,100.37356427712281
2020-09-01,116.987660127503,145.0949896166324,147.95621417170057,100.89026669628662,152.84815514876385,176.17312533893661,92.55219204472921
2020-10-01,19.03175660510178,34.02873985474268,29.173796571805003,31.743942314932568,36.69023710361487,21.878812043840902,13.85878516856395
2020-11-01,1.3172833721265622,15.11378194738269,4.08007503236759,3.4430649555634782,5.214798140990587,3.718613063021685,1.4468950037511967
2020-12-01,0.9103278634691485,3.3862018710925947,2.260323209385771,0.0483873578340797,2.334066953498185,1.6210717829190884,0.4204354666945438
